{
    "project": "Vodovod Omiš",
    "center": [500008.5165882833, 4826968.360253662],
    "zoom": 3.92
}